<?xml version="1.0" encoding="UTF-8"?>
<configurationDescriptor version="100">
  <logicalFolder name="root" displayName="root" projectFiles="true" kind="ROOT">
    <logicalFolder name="HeaderFiles"
                   displayName="Header Files"
                   projectFiles="true">
      <itemPath>Question.h</itemPath>
      <itemPath>QuestionSet.h</itemPath>
      <itemPath>Student.h</itemPath>
      <itemPath>Teacher.h</itemPath>
      <itemPath>User.h</itemPath>
    </logicalFolder>
    <logicalFolder name="ResourceFiles"
                   displayName="Resource Files"
                   projectFiles="true">
    </logicalFolder>
    <logicalFolder name="SourceFiles"
                   displayName="Source Files"
                   projectFiles="true">
      <itemPath>Question.cpp</itemPath>
      <itemPath>QuestionSet.cpp</itemPath>
      <itemPath>Student.cpp</itemPath>
      <itemPath>Teacher.cpp</itemPath>
      <itemPath>User.cpp</itemPath>
      <itemPath>main.cpp</itemPath>
    </logicalFolder>
    <logicalFolder name="TestFiles"
                   displayName="Test Files"
                   projectFiles="false"
                   kind="TEST_LOGICAL_FOLDER">
      <logicalFolder name="f1"
                     displayName="TestMCQGenerator"
                     projectFiles="true"
                     kind="TEST">
        <itemPath>testQuestionSetclass.cpp</itemPath>
        <itemPath>testQuestionSetclass.h</itemPath>
        <itemPath>tests/testmcqgrunner.cpp</itemPath>
        <itemPath>tests/testquestionclass.cpp</itemPath>
        <itemPath>tests/testquestionclass.h</itemPath>
        <itemPath>testteacherclass.cpp</itemPath>
        <itemPath>testteacherclass.h</itemPath>
      </logicalFolder>
    </logicalFolder>
    <logicalFolder name="ExternalFiles"
                   displayName="Important Files"
                   projectFiles="false"
                   kind="IMPORTANT_FILES_FOLDER">
      <itemPath>Makefile</itemPath>
    </logicalFolder>
  </logicalFolder>
  <projectmakefile>Makefile</projectmakefile>
  <confs>
    <conf name="Debug" type="1">
      <toolsSet>
        <compilerSet>default</compilerSet>
        <dependencyChecking>true</dependencyChecking>
        <rebuildPropChanged>false</rebuildPropChanged>
      </toolsSet>
      <compileType>
        <linkerTool>
          <linkerAddLib>
            <pElem>-lcppunit</pElem>
          </linkerAddLib>
        </linkerTool>
      </compileType>
      <item path="Question.cpp" ex="false" tool="1" flavor2="0">
      </item>
      <item path="Question.h" ex="false" tool="3" flavor2="0">
      </item>
      <item path="QuestionSet.cpp" ex="false" tool="1" flavor2="0">
      </item>
      <item path="QuestionSet.h" ex="false" tool="3" flavor2="0">
      </item>
      <item path="Student.cpp" ex="false" tool="1" flavor2="0">
      </item>
      <item path="Student.h" ex="false" tool="3" flavor2="0">
      </item>
      <item path="Teacher.cpp" ex="false" tool="1" flavor2="0">
      </item>
      <item path="Teacher.h" ex="false" tool="3" flavor2="0">
      </item>
      <item path="User.cpp" ex="false" tool="1" flavor2="0">
      </item>
      <item path="User.h" ex="false" tool="3" flavor2="0">
      </item>
      <folder path="TestFiles">
        <linkerTool>
          <linkerAddLib>
            <pElem>-lcppunit</pElem>
          </linkerAddLib>
        </linkerTool>
      </folder>
      <folder path="TestFiles/f1">
        <cTool>
          <commandLine>`cppunit-config --cflags`</commandLine>
        </cTool>
        <ccTool>
          <commandLine>`cppunit-config --cflags`</commandLine>
        </ccTool>
        <linkerTool>
          <output>${TESTDIR}/TestFiles/f1</output>
          <linkerAddLib>
            <pElem>-lcppunit</pElem>
          </linkerAddLib>
          <linkerLibItems>
            <linkerOptionItem>`cppunit-config --libs`</linkerOptionItem>
          </linkerLibItems>
        </linkerTool>
      </folder>
      <item path="main.cpp" ex="false" tool="1" flavor2="0">
      </item>
      <item path="testQuestionSetclass.cpp" ex="false" tool="1" flavor2="0">
      </item>
      <item path="testQuestionSetclass.h" ex="false" tool="3" flavor2="0">
      </item>
      <item path="tests/testmcqgrunner.cpp" ex="false" tool="1" flavor2="0">
      </item>
      <item path="tests/testquestionclass.cpp" ex="false" tool="1" flavor2="0">
      </item>
      <item path="tests/testquestionclass.h" ex="false" tool="3" flavor2="0">
      </item>
      <item path="testteacherclass.cpp" ex="false" tool="1" flavor2="0">
      </item>
      <item path="testteacherclass.h" ex="false" tool="3" flavor2="0">
      </item>
    </conf>
    <conf name="Release" type="1">
      <toolsSet>
        <compilerSet>default</compilerSet>
        <dependencyChecking>true</dependencyChecking>
        <rebuildPropChanged>false</rebuildPropChanged>
      </toolsSet>
      <compileType>
        <cTool>
          <developmentMode>5</developmentMode>
        </cTool>
        <ccTool>
          <developmentMode>5</developmentMode>
        </ccTool>
        <fortranCompilerTool>
          <developmentMode>5</developmentMode>
        </fortranCompilerTool>
        <asmTool>
          <developmentMode>5</developmentMode>
        </asmTool>
      </compileType>
      <item path="Question.cpp" ex="false" tool="1" flavor2="0">
      </item>
      <item path="Question.h" ex="false" tool="3" flavor2="0">
      </item>
      <item path="QuestionSet.cpp" ex="false" tool="1" flavor2="0">
      </item>
      <item path="QuestionSet.h" ex="false" tool="3" flavor2="0">
      </item>
      <item path="Student.cpp" ex="false" tool="1" flavor2="0">
      </item>
      <item path="Student.h" ex="false" tool="3" flavor2="0">
      </item>
      <item path="Teacher.cpp" ex="false" tool="1" flavor2="0">
      </item>
      <item path="Teacher.h" ex="false" tool="3" flavor2="0">
      </item>
      <item path="User.cpp" ex="false" tool="1" flavor2="0">
      </item>
      <item path="User.h" ex="false" tool="3" flavor2="0">
      </item>
      <folder path="TestFiles/f1">
        <cTool>
          <commandLine>`cppunit-config --cflags`</commandLine>
        </cTool>
        <ccTool>
          <commandLine>`cppunit-config --cflags`</commandLine>
        </ccTool>
        <linkerTool>
          <output>${TESTDIR}/TestFiles/f1</output>
          <linkerLibItems>
            <linkerOptionItem>`cppunit-config --libs`</linkerOptionItem>
          </linkerLibItems>
        </linkerTool>
      </folder>
      <item path="main.cpp" ex="false" tool="1" flavor2="0">
      </item>
      <item path="testQuestionSetclass.cpp" ex="false" tool="1" flavor2="0">
      </item>
      <item path="testQuestionSetclass.h" ex="false" tool="3" flavor2="0">
      </item>
      <item path="tests/testmcqgrunner.cpp" ex="false" tool="1" flavor2="0">
      </item>
      <item path="tests/testquestionclass.cpp" ex="false" tool="1" flavor2="0">
      </item>
      <item path="tests/testquestionclass.h" ex="false" tool="3" flavor2="0">
      </item>
      <item path="testteacherclass.cpp" ex="false" tool="1" flavor2="0">
      </item>
      <item path="testteacherclass.h" ex="false" tool="3" flavor2="0">
      </item>
    </conf>
  </confs>
</configurationDescriptor>
